INSERT INTO colum_lien(id_colum,id_lien) VALUES ('1','2');
INSERT INTO colum_lien(id_colum,id_lien) VALUES ('12','3');
INSERT INTO colum_texte(id_colum,id_text) VALUES ('2','1');
INSERT INTO colum_texte(id_colum,id_text) VALUES ('13','2');
INSERT INTO colums(id,type,titre) VALUES ('1','l','une column');
INSERT INTO colums(id,type,titre) VALUES ('2','t','une column');
INSERT INTO colums(id,type,titre) VALUES ('3','-','une column');
INSERT INTO colums(id,type,titre) VALUES ('12','l','une column');
INSERT INTO colums(id,type,titre) VALUES ('13','t','une column');
INSERT INTO conteneur_colum(id,id_conteneur,id_colum,taille) VALUES ('30','1','1','3');
INSERT INTO conteneur_colum(id,id_conteneur,id_colum,taille) VALUES ('31','1','2','6');
INSERT INTO conteneur_colum(id,id_conteneur,id_colum,taille) VALUES ('32','1','3','3');
INSERT INTO conteneur_colum(id,id_conteneur,id_colum,taille) VALUES ('41','6','12','3');
INSERT INTO conteneur_colum(id,id_conteneur,id_colum,taille) VALUES ('42','6','13','9');
INSERT INTO conteneurs(id,titre) VALUES ('1','Conteneur 1');
INSERT INTO conteneurs(id,titre) VALUES ('6','Conteneur test');
INSERT INTO headerbutton(id,emplacement,titre,lien) VALUES ('1','6','A propos','index.php?p=2');
INSERT INTO headerbutton(id,emplacement,titre,lien) VALUES ('2','5','Mes pages','index.php?p=1');
INSERT INTO headerbutton(id,emplacement,titre,lien) VALUES ('3','1','Gestion','');
INSERT INTO headerbutton(id,emplacement,titre,lien) VALUES ('4','1','page','index.php?p=pagemanager');
INSERT INTO headerbutton(id,emplacement,titre,lien) VALUES ('5','1','texte','index.php?p=textemanager');
INSERT INTO headerbutton(id,emplacement,titre,lien) VALUES ('6','1','lien','index.php?p=lienmanager');
INSERT INTO headerbutton(id,emplacement,titre,lien) VALUES ('7','1','image','index.php?p=imagemanager');
INSERT INTO images(id,nom,ext) VALUES ('7','Logo - Copie','.png');
INSERT INTO images(id,nom,ext) VALUES ('8','Splash_Screen','.png');
INSERT INTO images(id,nom,ext) VALUES ('9','c3','.png');
INSERT INTO liens(id,nom,lien) VALUES ('1','un lien','index.php?p=1');
INSERT INTO liens(id,nom,lien) VALUES ('2','un lien','index.php?p=2');
INSERT INTO liens(id,nom,lien) VALUES ('3','un lien','index.php?p=1');
INSERT INTO page_conteneurs(id,id_page,id_conteneur) VALUES ('1','1','1');
INSERT INTO page_conteneurs(id,id_page,id_conteneur) VALUES ('6','2','6');
INSERT INTO pages(id,titre,online) VALUES ('1','Acceuil','0');
INSERT INTO pages(id,titre,online) VALUES ('2','page 2','1');
INSERT INTO textes(id,texte) VALUES ('1','<h2>Page accueil</h2>');
INSERT INTO textes(id,texte) VALUES ('2','<h2>Page 2</h2>');
INSERT INTO utilisateur(utilisateur,mdp,email,rank,mail) VALUES ('admin','202cb962ac59075b964b07152d234b70','none','9','0');
INSERT INTO utilisateur(utilisateur,mdp,email,rank,mail) VALUES ('pers0ne','eb47a13b5ed5bc920b3a4ce65ed6e2c4','florianlebecque@gmail.com','9','1');
