TRUNCATE `colum_image`;
TRUNCATE `colum_lien`;
INSERT INTO colum_lien(id_colum,id_lien) VALUES ('16','4');
INSERT INTO colum_lien(id_colum,id_lien) VALUES ('17','5');
INSERT INTO colum_lien(id_colum,id_lien) VALUES ('18','6');
TRUNCATE `colum_texte`;
INSERT INTO colum_texte(id_colum,id_text) VALUES ('14','3');
INSERT INTO colum_texte(id_colum,id_text) VALUES ('15','4');
INSERT INTO colum_texte(id_colum,id_text) VALUES ('20','5');
INSERT INTO colum_texte(id_colum,id_text) VALUES ('22','6');
INSERT INTO colum_texte(id_colum,id_text) VALUES ('24','7');
TRUNCATE `colums`;
INSERT INTO colums(id,type,titre) VALUES ('14','t','une column');
INSERT INTO colums(id,type,titre) VALUES ('15','t','une column');
INSERT INTO colums(id,type,titre) VALUES ('16','l','une column');
INSERT INTO colums(id,type,titre) VALUES ('17','l','Titre');
INSERT INTO colums(id,type,titre) VALUES ('18','l','une column');
INSERT INTO colums(id,type,titre) VALUES ('19','-','une column');
INSERT INTO colums(id,type,titre) VALUES ('20','t','une column');
INSERT INTO colums(id,type,titre) VALUES ('21','-','une column');
INSERT INTO colums(id,type,titre) VALUES ('22','t','une column');
INSERT INTO colums(id,type,titre) VALUES ('23','-','une column');
INSERT INTO colums(id,type,titre) VALUES ('24','t','une column');
INSERT INTO colums(id,type,titre) VALUES ('25','-','une column');
TRUNCATE `conteneur_colum`;
INSERT INTO conteneur_colum(id,id_conteneur,id_colum,taille) VALUES ('43','7','14','12');
INSERT INTO conteneur_colum(id,id_conteneur,id_colum,taille) VALUES ('44','8','15','12');
INSERT INTO conteneur_colum(id,id_conteneur,id_colum,taille) VALUES ('45','9','16','3');
INSERT INTO conteneur_colum(id,id_conteneur,id_colum,taille) VALUES ('46','9','17','3');
INSERT INTO conteneur_colum(id,id_conteneur,id_colum,taille) VALUES ('47','9','18','3');
INSERT INTO conteneur_colum(id,id_conteneur,id_colum,taille) VALUES ('48','9','19','3');
INSERT INTO conteneur_colum(id,id_conteneur,id_colum,taille) VALUES ('49','10','20','4');
INSERT INTO conteneur_colum(id,id_conteneur,id_colum,taille) VALUES ('50','10','21','8');
INSERT INTO conteneur_colum(id,id_conteneur,id_colum,taille) VALUES ('51','11','22','6');
INSERT INTO conteneur_colum(id,id_conteneur,id_colum,taille) VALUES ('52','11','23','6');
INSERT INTO conteneur_colum(id,id_conteneur,id_colum,taille) VALUES ('53','12','24','6');
INSERT INTO conteneur_colum(id,id_conteneur,id_colum,taille) VALUES ('54','12','25','6');
TRUNCATE `conteneurs`;
INSERT INTO conteneurs(id,titre) VALUES ('7','Conteneur 7');
INSERT INTO conteneurs(id,titre) VALUES ('8','Conteneur 8');
INSERT INTO conteneurs(id,titre) VALUES ('9','Conteneur 9');
INSERT INTO conteneurs(id,titre) VALUES ('10','Conteneur 10');
INSERT INTO conteneurs(id,titre) VALUES ('11','Conteneur 11');
INSERT INTO conteneurs(id,titre) VALUES ('12','Conteneur 12');
TRUNCATE `headerbutton`;
INSERT INTO headerbutton(id,emplacement,titre,lien) VALUES ('1','6','A propos','index.php?p=2');
INSERT INTO headerbutton(id,emplacement,titre,lien) VALUES ('3','1','Fonctionnalités','index.php?p=2');
INSERT INTO headerbutton(id,emplacement,titre,lien) VALUES ('4','2','How to ?','index.php?p=3');
TRUNCATE `images`;
TRUNCATE `liens`;
INSERT INTO liens(id,nom,lien) VALUES ('1','un lien','index.php?p=1');
INSERT INTO liens(id,nom,lien) VALUES ('2','un lien','index.php?p=2');
INSERT INTO liens(id,nom,lien) VALUES ('3','un lien','index.php?p=1');
INSERT INTO liens(id,nom,lien) VALUES ('4','Mêttre en place le site','index.php?p=4');
INSERT INTO liens(id,nom,lien) VALUES ('5','Ajouter une page','index.php?p=5');
INSERT INTO liens(id,nom,lien) VALUES ('6','Ajouter du contenue','index.php?p=6');
INSERT INTO liens(id,nom,lien) VALUES ('7','un lien','index.php?p=1');
TRUNCATE `page_conteneurs`;
INSERT INTO page_conteneurs(id,id_page,id_conteneur) VALUES ('8','1','8');
INSERT INTO page_conteneurs(id,id_page,id_conteneur) VALUES ('7','2','7');
INSERT INTO page_conteneurs(id,id_page,id_conteneur) VALUES ('9','3','9');
INSERT INTO page_conteneurs(id,id_page,id_conteneur) VALUES ('10','4','10');
INSERT INTO page_conteneurs(id,id_page,id_conteneur) VALUES ('11','5','11');
INSERT INTO page_conteneurs(id,id_page,id_conteneur) VALUES ('12','6','12');
TRUNCATE `pages`;
INSERT INTO pages(id,titre,online) VALUES ('1','Acceuil','0');
INSERT INTO pages(id,titre,online) VALUES ('2','Fonctionnalités','0');
INSERT INTO pages(id,titre,online) VALUES ('3','Comment faire ?','0');
INSERT INTO pages(id,titre,online) VALUES ('4','Mêttre en place','0');
INSERT INTO pages(id,titre,online) VALUES ('5','Créer une page','0');
INSERT INTO pages(id,titre,online) VALUES ('6','Ajouter du contenue','0');
TRUNCATE `textes`;
INSERT INTO textes(id,texte) VALUES ('1','<h2>Page accueil</h2>');
INSERT INTO textes(id,texte) VALUES ('2','<h2>Page 2</h2>');
INSERT INTO textes(id,texte) VALUES ('3','<h2>Fonctionnalités</h2><h3>Installeur</h3><ul><li>Installer et télécharger les fichiers nécessaires au bon fonctionnement du CMS (installer.php)<ul><li>Télécharge les fichiers</li><li>Créé les tables dans la base de donnée introduite par l’utilisateur</li><li>Créé un compte administrateur</li></ul></li></ul><h3>Le CMS</h3><ul><li>Gestion des pages<ul><li>Créer des pages</li><li>Supprimer des pages</li><li>Définir si une page est réservée au utilisateur connecter</li><li>Changer le titre d’une page</li></ul></li><li>Créateur de pages<ul><li>Créer le layout et la page web en plusieurs ligne et column</li><li>Mise en place de texte</li><li>Mise en place de lien</li><li>Mise en place d’image</li><li>Suppression d’éléments</li><li>Renommage d’éléments</li></ul></li><li>L’éditeur de menu<ul><li>Modification du menu placer dans le header du site</li><li>Ajout de lien sur 6 columns et sur N ligne</li></ul></li><li>Gestionnaire de textes<ul><li>Listing de tous les textes écris dans les pages</li><li>Suppression des textes</li><li>Modification des textes</li></ul></li><li>Gestionnaire d’images<ul><li>Listing des images uploader sur le site</li><li>Uploader des images</li><li>Supprimer des images</li><li>Renommer des images</li></ul></li><li>Gestionnaire de liens<ul><li>Listing des liens sur le site (excepter les liens du header)</li><li>Editer les liens</li><li>Supprimer les liens</li></ul></li><li>Gestionnaire d’utilisateurs<ul><li>Listing des utilisateurs sur le site</li><li>Permet de monter en rang les utilisateurs</li><li>Suppression d’utilisateurs</li></ul></li><li>Propriétés du site<ul><li>Modification du titre dans le header</li><li>Changement des couleurs du site</li></ul></li><li>Sauvegarde et restauration<ul><li>Exporte un fichier .sql qui contient tout le contenue du site</li><li>Importe un fichier .sql qui contient le contenue du site</li></ul></li><li>Envoie d’e-mail<ul><li>L’administrateur peut écrire et envoyé un e-mail a tous les utilisateurs abonner</li></ul></li><li>Système d’inscription<ul><li>Permet de créer un compte (le compte créer par l’installer n’est pas soumis a c’est contrainte)<ul><li>Un pseudo</li><li>Un mot de passe avec au minimum 3 lettres minuscule une Majuscule et un chiffre</li><li>Un e-mail</li></ul></li><li>L’utilisateur peut choisir de recevoir des e-mails ou non</li></ul></li><li>Système de connexion<ul><li>Permet de se connecter à un compte déjà créer</li><li>Lien vers une page de restauration de mot de passe</li></ul></li><li>Profile de l’utilisateur<ul><li>Changement de mot de passe</li><li>Redéfinition de la réception des e-mail</li></ul></li><li>Récupération de mot de passe<ul><li>Envoie un e-mail avec un lien permettant de restaurer le mot de passe</li></ul></li><li>Restauration du mot de passe<ul><li>Permet de restaurer son mot de passe</li></ul></li><li>Footer dynamique<ul><li>Les boutons du footer change en fonction de la connexion<ul><li>Si non connecter<ul><li>Bouton connexion et inscription</li></ul></li><li>Si connecter<ul><li>Bouton déconnection et bouton menant au profile de l’utilisateur</li><li>Si l’utilisateur est connecter un bouton menant à l’éditeur apparait.</li></ul></li></ul></li></ul></li><li>Page protéger<ul><li>Les pages peuvent nécessiter un compte utilisateur pour les ouvrir</li><li>Les pages de l’éditeur nécessitent d’avoir un compte admin</li><li>Redirection automatique<ul><li>Si l’utilisateur tente d’ouvrir une page interdite<ul><li>Soit un message lui dit qu’il n’est pas autorisé a ouvrir la page</li><li>Soit il est rediriger vers la page de connexion qui le redirigera a la page souhaité après s’être connecter.</li></ul></li></ul></li></ul></li><li>Le site ne quitte jamais index.php<ul><li>Le contenu de index.php change en fonction de l’URL</li></ul></li></ul>');
INSERT INTO textes(id,texte) VALUES ('4','<h2>Projet de multimédia</h2>');
INSERT INTO textes(id,texte) VALUES ('5','<h2>Pour installer votre site</h2><ul><li>Vous connectez a votre serveur ftp</li><li>Y placez le fichier installer.php</li><li>Ouvrir votre navigateur</li><li>Aller sur votre site a la page www.votresite.quelquechose/installer.php</li><li>Remplir le formulaire</li></ul>');
INSERT INTO textes(id,texte) VALUES ('6','<h2>Pour créer une page</h2><h3>Prérequis</h3><ul><li>Vous devez avoir un compte administrateur</li><li>Vous devez être connecté</li></ul><h3>Créer la page</h3><ul><li>Aller dans l éditeur</li><li>Puis dans le gestionnaire de page</li><li>Cliquez sur "Ajouter une page"</li><li>La page a été créée</li></ul>');
INSERT INTO textes(id,texte) VALUES ('7','<h2>Pour ajouter du contenue</h2><p>Les prérequis sont les mêmes que pour l ajout de page.</p><ul><li>Dans l éditeur allez dans l éditeur de page</li><li>Sélectionnez une page à modifier</li><li>Cliquez sur le bouton "Ajouter" et sélectionnez le layout que vous souhaitez</li><li>Ajoutez un modules</li><li>Après avoir édité un module cliquez sur "Sauvegarder ou Valider" en fonction du module</li><li>Après avoir fini d éditer la page, clicquez sur le bouton "Valider" en bas de la page</li></ul>');
TRUNCATE `utilisateur`;
INSERT INTO utilisateur(utilisateur,mdp,email,rank,mail) VALUES ('Admin','202cb962ac59075b964b07152d234b70','notneeded','9','0');
