TRUNCATE `colum_image`;
TRUNCATE `colum_lien`;
INSERT INTO colum_lien(id_colum,id_lien) VALUES ('17','1');
INSERT INTO colum_lien(id_colum,id_lien) VALUES ('19','2');
INSERT INTO colum_lien(id_colum,id_lien) VALUES ('20','3');
INSERT INTO colum_lien(id_colum,id_lien) VALUES ('21','4');
INSERT INTO colum_lien(id_colum,id_lien) VALUES ('22','5');
INSERT INTO colum_lien(id_colum,id_lien) VALUES ('23','6');
INSERT INTO colum_lien(id_colum,id_lien) VALUES ('24','7');
INSERT INTO colum_lien(id_colum,id_lien) VALUES ('25','8');
INSERT INTO colum_lien(id_colum,id_lien) VALUES ('26','9');
INSERT INTO colum_lien(id_colum,id_lien) VALUES ('28','10');
INSERT INTO colum_lien(id_colum,id_lien) VALUES ('29','11');
INSERT INTO colum_lien(id_colum,id_lien) VALUES ('33','12');
TRUNCATE `colum_texte`;
INSERT INTO colum_texte(id_colum,id_text) VALUES ('1','1');
INSERT INTO colum_texte(id_colum,id_text) VALUES ('2','2');
INSERT INTO colum_texte(id_colum,id_text) VALUES ('3','3');
INSERT INTO colum_texte(id_colum,id_text) VALUES ('4','4');
INSERT INTO colum_texte(id_colum,id_text) VALUES ('5','5');
INSERT INTO colum_texte(id_colum,id_text) VALUES ('6','6');
INSERT INTO colum_texte(id_colum,id_text) VALUES ('7','7');
INSERT INTO colum_texte(id_colum,id_text) VALUES ('8','8');
INSERT INTO colum_texte(id_colum,id_text) VALUES ('9','9');
INSERT INTO colum_texte(id_colum,id_text) VALUES ('10','10');
INSERT INTO colum_texte(id_colum,id_text) VALUES ('11','11');
INSERT INTO colum_texte(id_colum,id_text) VALUES ('12','12');
INSERT INTO colum_texte(id_colum,id_text) VALUES ('13','13');
INSERT INTO colum_texte(id_colum,id_text) VALUES ('14','14');
INSERT INTO colum_texte(id_colum,id_text) VALUES ('16','15');
INSERT INTO colum_texte(id_colum,id_text) VALUES ('32','16');
TRUNCATE `colums`;
INSERT INTO colums(id,type,titre) VALUES ('1','t','une colonne');
INSERT INTO colums(id,type,titre) VALUES ('2','t','une colonne');
INSERT INTO colums(id,type,titre) VALUES ('3','t','une colonne');
INSERT INTO colums(id,type,titre) VALUES ('4','t','une colonne');
INSERT INTO colums(id,type,titre) VALUES ('5','t','une colonne');
INSERT INTO colums(id,type,titre) VALUES ('6','t','une colonne');
INSERT INTO colums(id,type,titre) VALUES ('7','t','une colonne');
INSERT INTO colums(id,type,titre) VALUES ('8','t','une colonne');
INSERT INTO colums(id,type,titre) VALUES ('9','t','une colonne');
INSERT INTO colums(id,type,titre) VALUES ('10','t','une colonne');
INSERT INTO colums(id,type,titre) VALUES ('11','t','une colonne');
INSERT INTO colums(id,type,titre) VALUES ('12','t','une colonne');
INSERT INTO colums(id,type,titre) VALUES ('13','t','une colonne');
INSERT INTO colums(id,type,titre) VALUES ('14','t','une colonne');
INSERT INTO colums(id,type,titre) VALUES ('15','-','une colonne');
INSERT INTO colums(id,type,titre) VALUES ('16','t','une colonne');
INSERT INTO colums(id,type,titre) VALUES ('17','l','une colonne');
INSERT INTO colums(id,type,titre) VALUES ('18','-','une colonne');
INSERT INTO colums(id,type,titre) VALUES ('19','l','une colonne');
INSERT INTO colums(id,type,titre) VALUES ('20','l','une colonne');
INSERT INTO colums(id,type,titre) VALUES ('21','l','une colonne');
INSERT INTO colums(id,type,titre) VALUES ('22','l','une colonne');
INSERT INTO colums(id,type,titre) VALUES ('23','l','une colonne');
INSERT INTO colums(id,type,titre) VALUES ('24','l','une colonne');
INSERT INTO colums(id,type,titre) VALUES ('25','l','une colonne');
INSERT INTO colums(id,type,titre) VALUES ('26','l','une colonne');
INSERT INTO colums(id,type,titre) VALUES ('27','-','une colonne');
INSERT INTO colums(id,type,titre) VALUES ('28','l','une colonne');
INSERT INTO colums(id,type,titre) VALUES ('29','l','une colonne');
INSERT INTO colums(id,type,titre) VALUES ('30','-','une colonne');
INSERT INTO colums(id,type,titre) VALUES ('31','-','une colonne');
INSERT INTO colums(id,type,titre) VALUES ('32','t','une colonne');
INSERT INTO colums(id,type,titre) VALUES ('33','l','une colonne');
INSERT INTO colums(id,type,titre) VALUES ('34','-','une colonne');
TRUNCATE `conteneur_colum`;
INSERT INTO conteneur_colum(id,id_conteneur,id_colum,taille) VALUES ('1','1','1','12');
INSERT INTO conteneur_colum(id,id_conteneur,id_colum,taille) VALUES ('2','2','2','12');
INSERT INTO conteneur_colum(id,id_conteneur,id_colum,taille) VALUES ('3','3','3','12');
INSERT INTO conteneur_colum(id,id_conteneur,id_colum,taille) VALUES ('4','4','4','12');
INSERT INTO conteneur_colum(id,id_conteneur,id_colum,taille) VALUES ('5','5','5','12');
INSERT INTO conteneur_colum(id,id_conteneur,id_colum,taille) VALUES ('6','6','6','12');
INSERT INTO conteneur_colum(id,id_conteneur,id_colum,taille) VALUES ('7','7','7','12');
INSERT INTO conteneur_colum(id,id_conteneur,id_colum,taille) VALUES ('8','8','8','12');
INSERT INTO conteneur_colum(id,id_conteneur,id_colum,taille) VALUES ('9','9','9','12');
INSERT INTO conteneur_colum(id,id_conteneur,id_colum,taille) VALUES ('10','10','10','12');
INSERT INTO conteneur_colum(id,id_conteneur,id_colum,taille) VALUES ('11','11','11','12');
INSERT INTO conteneur_colum(id,id_conteneur,id_colum,taille) VALUES ('12','12','12','12');
INSERT INTO conteneur_colum(id,id_conteneur,id_colum,taille) VALUES ('13','13','13','12');
INSERT INTO conteneur_colum(id,id_conteneur,id_colum,taille) VALUES ('14','14','14','12');
INSERT INTO conteneur_colum(id,id_conteneur,id_colum,taille) VALUES ('15','15','15','3');
INSERT INTO conteneur_colum(id,id_conteneur,id_colum,taille) VALUES ('16','15','16','3');
INSERT INTO conteneur_colum(id,id_conteneur,id_colum,taille) VALUES ('17','15','17','3');
INSERT INTO conteneur_colum(id,id_conteneur,id_colum,taille) VALUES ('18','15','18','3');
INSERT INTO conteneur_colum(id,id_conteneur,id_colum,taille) VALUES ('19','16','19','3');
INSERT INTO conteneur_colum(id,id_conteneur,id_colum,taille) VALUES ('20','16','20','3');
INSERT INTO conteneur_colum(id,id_conteneur,id_colum,taille) VALUES ('21','16','21','3');
INSERT INTO conteneur_colum(id,id_conteneur,id_colum,taille) VALUES ('22','16','22','3');
INSERT INTO conteneur_colum(id,id_conteneur,id_colum,taille) VALUES ('23','17','23','3');
INSERT INTO conteneur_colum(id,id_conteneur,id_colum,taille) VALUES ('24','17','24','3');
INSERT INTO conteneur_colum(id,id_conteneur,id_colum,taille) VALUES ('25','17','25','3');
INSERT INTO conteneur_colum(id,id_conteneur,id_colum,taille) VALUES ('26','17','26','3');
INSERT INTO conteneur_colum(id,id_conteneur,id_colum,taille) VALUES ('27','18','27','3');
INSERT INTO conteneur_colum(id,id_conteneur,id_colum,taille) VALUES ('28','18','28','3');
INSERT INTO conteneur_colum(id,id_conteneur,id_colum,taille) VALUES ('29','18','29','3');
INSERT INTO conteneur_colum(id,id_conteneur,id_colum,taille) VALUES ('30','18','30','3');
INSERT INTO conteneur_colum(id,id_conteneur,id_colum,taille) VALUES ('31','19','31','3');
INSERT INTO conteneur_colum(id,id_conteneur,id_colum,taille) VALUES ('32','19','32','3');
INSERT INTO conteneur_colum(id,id_conteneur,id_colum,taille) VALUES ('33','19','33','3');
INSERT INTO conteneur_colum(id,id_conteneur,id_colum,taille) VALUES ('34','19','34','3');
TRUNCATE `conteneurs`;
INSERT INTO conteneurs(id,titre) VALUES ('1','Conteneur 1');
INSERT INTO conteneurs(id,titre) VALUES ('2','Conteneur 2');
INSERT INTO conteneurs(id,titre) VALUES ('3','Conteneur 3');
INSERT INTO conteneurs(id,titre) VALUES ('4','Conteneur 4');
INSERT INTO conteneurs(id,titre) VALUES ('5','Conteneur 5');
INSERT INTO conteneurs(id,titre) VALUES ('6','Conteneur 6');
INSERT INTO conteneurs(id,titre) VALUES ('7','Conteneur 7');
INSERT INTO conteneurs(id,titre) VALUES ('8','Conteneur 8');
INSERT INTO conteneurs(id,titre) VALUES ('9','Conteneur 9');
INSERT INTO conteneurs(id,titre) VALUES ('10','Conteneur 10');
INSERT INTO conteneurs(id,titre) VALUES ('11','Conteneur 11');
INSERT INTO conteneurs(id,titre) VALUES ('12','Conteneur 12');
INSERT INTO conteneurs(id,titre) VALUES ('13','Conteneur 13');
INSERT INTO conteneurs(id,titre) VALUES ('14','Conteneur 14');
INSERT INTO conteneurs(id,titre) VALUES ('15','Conteneur 15');
INSERT INTO conteneurs(id,titre) VALUES ('16','Conteneur 16');
INSERT INTO conteneurs(id,titre) VALUES ('17','Conteneur 17');
INSERT INTO conteneurs(id,titre) VALUES ('18','Conteneur 18');
INSERT INTO conteneurs(id,titre) VALUES ('19','Conteneur 19');
TRUNCATE `headerbutton`;
INSERT INTO headerbutton(id,emplacement,titre,lien) VALUES ('1','1','Fonctionnement','index.php?p=2');
INSERT INTO headerbutton(id,emplacement,titre,lien) VALUES ('2','2','Comment faire','');
INSERT INTO headerbutton(id,emplacement,titre,lien) VALUES ('3','2','Mise en place','index.php?p=3');
INSERT INTO headerbutton(id,emplacement,titre,lien) VALUES ('4','2','Créer une page','index.php?p=4');
INSERT INTO headerbutton(id,emplacement,titre,lien) VALUES ('5','2','Ajouter du contenue','index.php?p=5');
INSERT INTO headerbutton(id,emplacement,titre,lien) VALUES ('6','2','Modifier le menu','index.php?p=6');
INSERT INTO headerbutton(id,emplacement,titre,lien) VALUES ('7','2','Ajouter une image','index.php?p=7');
INSERT INTO headerbutton(id,emplacement,titre,lien) VALUES ('8','2','Gestion des textes','index.php?p=8');
INSERT INTO headerbutton(id,emplacement,titre,lien) VALUES ('9','2','Gestion des liens','index.php?p=9');
INSERT INTO headerbutton(id,emplacement,titre,lien) VALUES ('10','2','Gestion des utilisateur','index.php?p=10');
INSERT INTO headerbutton(id,emplacement,titre,lien) VALUES ('11','2','Propriétés','index.php?p=11');
INSERT INTO headerbutton(id,emplacement,titre,lien) VALUES ('12','2','Exporter/importer','index.php?p=12');
INSERT INTO headerbutton(id,emplacement,titre,lien) VALUES ('13','3','Model relationnelle','index.php?p=13');
TRUNCATE `images`;
TRUNCATE `liens`;
INSERT INTO liens(id,nom,lien) VALUES ('1','Fonctionnalités','index.php?p=2');
INSERT INTO liens(id,nom,lien) VALUES ('2','Mise en place','index.php?p=3');
INSERT INTO liens(id,nom,lien) VALUES ('3','Créer une page','index.php?p=4');
INSERT INTO liens(id,nom,lien) VALUES ('4','Ajouter du contenue','index.php?p=5');
INSERT INTO liens(id,nom,lien) VALUES ('5','Modifier le menu','index.php?p=6');
INSERT INTO liens(id,nom,lien) VALUES ('6','Ajouter une image','index.php?p=7');
INSERT INTO liens(id,nom,lien) VALUES ('7','Gestion des textes','index.php?p=8');
INSERT INTO liens(id,nom,lien) VALUES ('8','Gestion des liens','index.php?p=9');
INSERT INTO liens(id,nom,lien) VALUES ('9','Gestion des utilisateurs','index.php?p=10');
INSERT INTO liens(id,nom,lien) VALUES ('10','Propriétés','index.php?p=11');
INSERT INTO liens(id,nom,lien) VALUES ('11','Exporter/Importer','index.php?p=12');
INSERT INTO liens(id,nom,lien) VALUES ('12','Comment faire','index.php?p=14');
TRUNCATE `page_conteneurs`;
INSERT INTO page_conteneurs(id,id_page,id_conteneur) VALUES ('1','1','1');
INSERT INTO page_conteneurs(id,id_page,id_conteneur) VALUES ('14','1','15');
INSERT INTO page_conteneurs(id,id_page,id_conteneur) VALUES ('18','1','19');
INSERT INTO page_conteneurs(id,id_page,id_conteneur) VALUES ('2','2','2');
INSERT INTO page_conteneurs(id,id_page,id_conteneur) VALUES ('3','3','3');
INSERT INTO page_conteneurs(id,id_page,id_conteneur) VALUES ('4','4','4');
INSERT INTO page_conteneurs(id,id_page,id_conteneur) VALUES ('5','5','5');
INSERT INTO page_conteneurs(id,id_page,id_conteneur) VALUES ('6','6','6');
INSERT INTO page_conteneurs(id,id_page,id_conteneur) VALUES ('7','7','7');
INSERT INTO page_conteneurs(id,id_page,id_conteneur) VALUES ('8','8','8');
INSERT INTO page_conteneurs(id,id_page,id_conteneur) VALUES ('9','9','9');
INSERT INTO page_conteneurs(id,id_page,id_conteneur) VALUES ('10','10','10');
INSERT INTO page_conteneurs(id,id_page,id_conteneur) VALUES ('11','11','11');
INSERT INTO page_conteneurs(id,id_page,id_conteneur) VALUES ('12','12','12');
INSERT INTO page_conteneurs(id,id_page,id_conteneur) VALUES ('13','13','13');
INSERT INTO page_conteneurs(id,id_page,id_conteneur) VALUES ('15','14','16');
INSERT INTO page_conteneurs(id,id_page,id_conteneur) VALUES ('16','14','17');
INSERT INTO page_conteneurs(id,id_page,id_conteneur) VALUES ('17','14','18');
TRUNCATE `pages`;
INSERT INTO pages(id,titre,online) VALUES ('1','Acceuil','0');
INSERT INTO pages(id,titre,online) VALUES ('2','Fonctionnalités','0');
INSERT INTO pages(id,titre,online) VALUES ('3','Mise en place','0');
INSERT INTO pages(id,titre,online) VALUES ('4','Créer une page','0');
INSERT INTO pages(id,titre,online) VALUES ('5','Ajouter du contenue','0');
INSERT INTO pages(id,titre,online) VALUES ('6','Modifier le menu','0');
INSERT INTO pages(id,titre,online) VALUES ('7','Ajouter une image','0');
INSERT INTO pages(id,titre,online) VALUES ('8','Gestion des textes','0');
INSERT INTO pages(id,titre,online) VALUES ('9','Gestion des liens','0');
INSERT INTO pages(id,titre,online) VALUES ('10','Gestion des utilisateurs','0');
INSERT INTO pages(id,titre,online) VALUES ('11','Propriétés','0');
INSERT INTO pages(id,titre,online) VALUES ('12','Exporter/Importer','0');
INSERT INTO pages(id,titre,online) VALUES ('13','Model relationnelle','1');
INSERT INTO pages(id,titre,online) VALUES ('14','Comment faire','0');
TRUNCATE `textes`;
INSERT INTO textes(id,texte) VALUES ('1','<h2>Rapport de CMS</h2><p>Projet de fin d année 2017-2018</p><p>&nbsp;</p><h3>But</h3><p>Le but de ce projet a été de créer un CMS simplifier. Il devait au départ être capable de créer des pages contenant des images, des liens et des textes mis en page sur plusieurs ligne et colonnes.</p>');
INSERT INTO textes(id,texte) VALUES ('2','<h2>L’installer</h2><ul><li>S’installer et télécharger les fichiers nécessaires au bon fonctionnement du CMS (installer.php)<ul><li>Télécharge les fichiers</li><li>Créé les tables dans la base de données introduite par l’utilisateur</li><li>Créé un compte administrateur</li></ul></li></ul><h2>Le CMS</h2><ul><li>Gestion des pages<ul><li>Créer des pages</li><li>Supprimer des pages</li><li>Définir si une page est réservée à l’utilisateur connecter</li><li>Changer le titre d’une page</li></ul></li><li>Créateur de page<ul><li>&nbsp; Créer le layout et la page web en plusieurs ligne et colonne</li><li>&nbsp; Mise en place de texte &nbsp;</li><li>Mise en place de lien &nbsp;</li><li>Mise en place d’image &nbsp;</li><li>Suppression d’éléments &nbsp;</li><li>Renommage d’éléments &nbsp;</li></ul></li><li>L’éditeur de menu &nbsp;<ul><li>Modification du menu placer dans le header du site &nbsp;</li><li>Ajout de lien sur 6 colonnes et sur N ligne &nbsp;</li></ul></li><li>Gestionnaire de textes &nbsp;<ul><li>Listing de tous les textes écris dans les pages &nbsp;</li><li>Suppression des textes &nbsp;</li><li>Modification des textes &nbsp;</li></ul></li><li>Gestionnaire d’images &nbsp;<ul><li>Listing des images uploader sur le site &nbsp;</li><li>Uploader des images &nbsp;</li><li>Supprimer des images &nbsp;</li><li>Renommer des images &nbsp;</li></ul></li><li>Gestionnaire de liens &nbsp;<ul><li>Listing des liens sur le site (excepter les liens du header) &nbsp;</li><li>Editer les liens &nbsp;</li><li>Supprimer les liens &nbsp;</li></ul></li><li>Gestionnaire d’utilisateurs &nbsp;<ul><li>Listing des utilisateurs sur le site &nbsp;</li><li>Permet de monter en rang les utilisateurs &nbsp;</li><li>Suppression d’utilisateurs &nbsp;</li></ul></li><li>Propriétés du site &nbsp;<ul><li>Modification du titre dans le header&nbsp;</li><li>Changement des couleurs du site &nbsp;</li></ul></li><li>Sauvegarde et restauration &nbsp;<ul><li>Exporte un fichier .sql qui contient tout le contenue du site &nbsp;</li><li>Importe un fichier .sql qui contient le contenue du site &nbsp;</li></ul></li><li>Envoie d’e-mail &nbsp;<ul><li>L’administrateur peut écrire et envoyé un e-mail à tous les utilisateurs abonner &nbsp;</li></ul></li><li>Système d’inscription &nbsp;<ul><li>Permet de créer un compte (le compte créer par l’installer n’est pas soumis à c’est contraint) &nbsp;<ul><li>Un pseudo &nbsp;</li><li>Un mot de passe avec au minimum 3 lettres minuscule une Majuscule et un chiffre &nbsp;</li><li>Un e-mail &nbsp;</li></ul></li><li>L’utilisateur peut choisir de recevoir des e-mails ou non &nbsp;</li></ul></li><li>Système de connexion &nbsp;<ul><li>Permet de se connecter à un compte déjà créer &nbsp;</li><li>Lien vers une page de restauration de mot de passe &nbsp;</li></ul></li><li>Profile de l’utilisateur &nbsp;<ul><li>Changement de mot de passe &nbsp;</li><li>Redéfinition de la réception des e-mails &nbsp;</li></ul></li><li>Récupération de mot de passe &nbsp;<ul><li>Envoie un e-mail avec un lien permettant de restaurer le mot de passe &nbsp;</li></ul></li><li>Restauration du mot de passe &nbsp;<ul><li>Permet de restaurer son mot de passe &nbsp;</li></ul></li><li>Footer dynamique &nbsp;<ul><li>Les boutons du footer change en fonction de la connexion &nbsp;<ul><li>Si non connecter &nbsp;<ul><li>Bouton connexion et inscription &nbsp;</li></ul></li><li>Si connecter&nbsp;<ul><li>Bouton déconnection et bouton menant au profile de l’utilisateur &nbsp;</li><li>Si l’utilisateur est connecté un bouton menant à l’éditeur apparait. &nbsp;&nbsp;</li></ul></li></ul></li></ul></li><li>Page protéger &nbsp;<ul><li>Les pages peuvent nécessiter un compte utilisateur pour les ouvrir &nbsp;</li><li>Les pages de l’éditeur nécessitent d’avoir un compte admin &nbsp;</li><li>Redirection automatique &nbsp;<ul><li>Si l’utilisateur tente d’ouvrir une page interdite &nbsp;<ul><li>Soit un message lui dit qu’il n’est pas autorisé à ouvrir la page &nbsp;</li><li>Soit il est redirigé vers la page de connexion qui le redirigera à la page souhaitée après s’être connecter. &nbsp;</li></ul></li></ul></li></ul></li><li>Le site ne quitte jamais index.php &nbsp;<ul><li>Le contenu de index.php change en fonction de l’URL</li></ul></li></ul>');
INSERT INTO textes(id,texte) VALUES ('3','<h2>Mettre en place le site</h2><ol><li>&nbsp;Se connecter à son serveur FTP</li><li>&nbsp;Mettre le fichier Installeur.php</li><li>Ouvrir son navigateur et aller sur son site <a href="http://votesite/installer.php">http://votesite/installer.php</a></li><li>Remplir le formulaire</li><li>Cliquer sur sauvegarder et vous serez rediriger après un court instant sur le gestionnaire de page</li></ol>');
INSERT INTO textes(id,texte) VALUES ('4','<h2>CRÉER UN PAGE &nbsp;</h2><ol><li>Être connecter en tant qu’administrateur &nbsp; &nbsp;</li><li>Se rendre dans l’éditeur &nbsp; &nbsp;</li><li>Se rendre dans le gestionnaire de page &nbsp; &nbsp;</li><li>Cliquer sur « Ajouter une page » &nbsp; &nbsp;</li><li>Vous pouvez maintenant changer ses propriétés et cliquer sur « Ok » lorsque vous avez terminé. &nbsp;</li></ol>');
INSERT INTO textes(id,texte) VALUES ('5','<h2>AJOUTER DU CONTENU &nbsp;</h2><p>Il faut être connecté en t’en qu’administrateur. &nbsp;</p><ol><li>Allez dans le « Créateur de page » &nbsp; &nbsp;</li><li>Sélectionnez une page à modifier &nbsp;&nbsp;</li><li>Cliquez sur le bouton « Ajouter » pour sélectionner un layout personnalisé &nbsp; &nbsp;</li><li>Ajoutez un module &nbsp;&nbsp;</li><li>Après avoir édité un module cliquez sur "Sauvegarder ou Valider" en fonction du module &nbsp;&nbsp;</li><li>Après avoir fini d’éditer la page, cliquez sur le bouton "Valider" en bas de la page &nbsp;&nbsp;</li></ol>');
INSERT INTO textes(id,texte) VALUES ('6','<h2>Modifier le menu</h2><p>Il faut être connecté en t’en qu’administrateur du site.</p><ol><li>Se rendre dans la page «&nbsp;Menu de navigation&nbsp;»</li><li>Cliquer sur «&nbsp;+&nbsp;» pour ajouter un lien dans une colonne</li><li>Cliquer sur «&nbsp;-&nbsp;» pour supprimer un lien</li></ol><p>La première ligne est le titre la deuxième est le lien. Vous pouvez en ajouter plusieurs sur la même colonne, mais le premier fera uniquement office de titre.</p>');
INSERT INTO textes(id,texte) VALUES ('7','<h2>Ajouter une image</h2><p>Rendez-vous dans le gestionnaire d’image.</p><ol><li>Cliquez sur «&nbsp;Choisir un fichier&nbsp;»</li><li>Sélectionnez votre image</li><li>Cliquez sur «&nbsp;Ajouter une image&nbsp;»</li></ol>');
INSERT INTO textes(id,texte) VALUES ('8','<h2>Modifier/supprimer un texte</h2><p>Pour modifier un texte vous pouvez directement le faire depuis le créateur de page. Vous pouvez aussi le faire depuis le gestionnaire de textes.</p><p>Pour modifier un texte cliquez sur «&nbsp;éditer&nbsp;»&nbsp;</p><p>Pour supprimer un texte cliquez sur «&nbsp;Supprimer&nbsp;»&nbsp;</p>');
INSERT INTO textes(id,texte) VALUES ('9','<h2>Modifier/Supprimer un lien</h2><p>Rendez-vous dans le gestionnaire de liens.</p><p>Pour modifier le lien&nbsp;: changer les propriétés puis cliquer sur «&nbsp;ok&nbsp;».</p><p>Pour supprimer un lien cliquer sur «&nbsp;supprimer&nbsp;».</p>');
INSERT INTO textes(id,texte) VALUES ('10','<h2>Supprimer/Modifier un utilisateur</h2><p>Rendez-vous dans le gestionnaire d’utilisateur.</p><p>Pour changer son rang&nbsp;:</p><p>Entrez un numéro entre 0 et 9, 0 étant le plus bas, 9 le plus haut. Le rang 9 est requis pour avoir accès gestionnaire du site.</p><p>Cliquez ensuite sur «&nbsp;Valider&nbsp;»</p><p>Pour supprimer un utilisateur, cliquer sur la petite croix à droite de celui-ci. La suppression est instantanée et irrémédiable.</p>');
INSERT INTO textes(id,texte) VALUES ('11','<h2>Changer les couleurs et le titre du site</h2><p>Rendez-vous dans «&nbsp;Propriétés du site&nbsp;».</p><p>Dans cette page vous pouvez sélectionner le titre et les couleurs du site.</p><p>Cliquez sur «&nbsp;Sauvegarder&nbsp;» pour valider.</p><p>Si vous souhaitez retourner aux paramètres originaux cliquez sur «&nbsp;Remettre à l’origine&nbsp;»</p>');
INSERT INTO textes(id,texte) VALUES ('12','<h2>Exporter/importer le site</h2><p>Rendez-vous dans les propriétés du site</p>');
INSERT INTO textes(id,texte) VALUES ('13','<h2>Model relationnelle</h2>');
INSERT INTO textes(id,texte) VALUES ('14','');
INSERT INTO textes(id,texte) VALUES ('15','<p>Voir les fonctionnalités :</p>');
INSERT INTO textes(id,texte) VALUES ('16','<p>Pages sur "Comment faire"</p>');
TRUNCATE `utilisateur`;
INSERT INTO utilisateur(utilisateur,mdp,email,rank,mail) VALUES ('Admin','827ccb0eea8a706c4c34a16891f84e7b','notneeded','9','0');
